First Name,Middle Name,Last Name,Phonetic First Name,Phonetic Middle Name,Phonetic Last Name,Name Prefix,Name Suffix,Nickname,File As,Organization Name,Organization Title,Organization Department,Birthday,Notes,Photo,Labels,E-mail 1 - Label,E-mail 1 - Value,E-mail 2 - Label,E-mail 2 - Value,Phone 1 - Label,Phone 1 - Value,Phone 2 - Label,Phone 2 - Value,Phone 3 - Label,Phone 3 - Value,Phone 4 - Label,Phone 4 - Value,Phone 5 - Label,Phone 5 - Value,Address 1 - Label,Address 1 - Formatted,Address 1 - Street,Address 1 - City,Address 1 - PO Box,Address 1 - Region,Address 1 - Postal Code,Address 1 - Country,Address 1 - Extended Address,Website 1 - Label,Website 1 - Value
#BAL -,Check,Balance,,,,,,,,,,,,,,All ::: * myContacts,,,,,Mobile,225,,,,,,,,,,,,,,,,,,,
#DATA -,Data,Used,,,,,,,,,,,,,,All ::: Friends ::: * coworkers ::: * myContacts,,,,,Mobile,3282,,,,,,,,,,,,,,,,,,,
#MIN -,Minutes,Used,,,,,,,,,,,,,,All ::: * myContacts,,,,,Mobile,646,,,,,,,,,,,,,,,,,,,
#PMT - Make,a,Payment,,,,,,,,,,,,,,All ::: * myContacts,,,,,Mobile,768,,,,,,,,,,,,,,,,,,,
#Warranty,,Centerw,,,,,,,,,,,,,,All ::: * myContacts,,,,,Mobile,18664065154,Work,0307693557981141123214146,,,,,,,,,,,,,,,,,
+919827858191,,Sourcodester Rajsharma,,,,,,,,,,,,,,All ::: * myContacts,,,,,,,,,,,,,,,,,,,,,,,,,
,,,,,,,,,,,,,,,,* myContacts,,,,,Mobile,+923017309112,,,,,,,,,,,,,,,,,,,
,,,,,,,,,,,,,,,,* myContacts,,,,,Mobile,+923104299596,,,,,,,,,,,,,,,,,,,
,,,,,,,,,,"مختصر رہو،،"""" لیکن مخلص رہو""""!",,,,,,* myContacts,,,,,Mobile,+923110675216,,,,,,,,,,,,,,,,,,,
,,,,,,,,,,,,,,,,* myContacts,,,,,Mobile,+923126323820,,,,,,,,,,,,,,,,,,,
,,,,,,,,,,,,,,,,* myContacts,,,,,Mobile,+923289422040,,,,,,,,,,,,,,,,,,,
✨,,,,,,,,,,,,,,,,* myContacts,,,,,Mobile,+923261843957,,,,,,,,,,,,,,,,,,,
❤‍🩹❤‍🩹Allah,,Waly❤‍🩹❤‍🩹,,,,,,,,,,,,,,* myContacts,,,,,Mobile,+923076992590,,,,,,,,,,,,,,,,,,,
🌙,,,,,,,,,,,,,,,,* myContacts,,,,,Mobile,+923000513255,,,,,,,,,,,,,,,,,,,
,,,,,,,,,,,,,,,,* myContacts,,,,,Mobile,03000858672,,,,,,,,,,,,,,,,,,,
,,,,,,,,,,,,,,,,* myContacts,,,,,Mobile,030066772557,Home,5,,,,,,,,,,,,,,,,,
03016,,,,,,,,,,,,,,,,* myContacts,,,,,,,,,,,,,,,,,,,,,,,,,
,,,,,,,,,,,,,,,,* myContacts,,,,,Mobile,030725521272,,,,,,,,,,,,,,,,,,,
,,,,,,,,,,,,,,,,* myContacts,,,,,Mobile,030838644256522,,,,,,,,,,,,,,,,,,,
,,,,,,,,,,,,,,,,* myContacts,,,,,Mobile,03089240661,,,,,,,,,,,,,,,,,,,
,,,,,,,,,,,,,,,,* myContacts,,,,,Mobile,03111666015,,,,,,,,,,,,,,,,,,,
,,,,,,,,,,,,,,,,* myContacts,,,,,Mobile,03146323453,,,,,,,,,,,,,,,,,,,
,,,,,,,,,,,,,,,,* myContacts,,,,,Mobile,03297643117,,,,,,,,,,,,,,,,,,,
,,,,,,,,,,,,,,,,* myContacts,,,,,Mobile,03364165170,,,,,,,,,,,,,,,,,,,
,,,,,,,,,,,,,,,,* myContacts,,,,,Mobile,03407878055,,,,,,,,,,,,,,,,,,,
10,,,,,,,,,,,,,,,,Imported on 7/2 ::: * myContacts,* ,example@132,,,,923000196678,,,,,,,,,,,,,,,,,,,
100,,,,,,,,,,,,,,,,Imported on 7/2 ::: * myContacts,* ,example@222,,,,923004060606,,,,,,,,,,,,,,,,,,,
101,,,,,,,,,,,,,,,,Imported on 7/2 ::: * myContacts,* ,example@223,,,,923004066102,,,,,,,,,,,,,,,,,,,
102,,,,,,,,,,,,,,,,Imported on 7/2 ::: * myContacts,* ,example@224,,,,923004075954,,,,,,,,,,,,,,,,,,,
103,,,,,,,,,,,,,,,,Imported on 7/2 ::: * myContacts,* ,example@225,,,,923004093026,,,,,,,,,,,,,,,,,,,
,,,,,,,,,,,,,,,,* myContacts,,,,,Mobile,103252092217,,,,,,,,,,,,,,,,,,,
104,,,,,,,,,,,,,,,,Imported on 7/2 ::: * myContacts,* ,example@226,,,,923004098834,,,,,,,,,,,,,,,,,,,
105,,,,,,,,,,,,,,,,Imported on 7/2 ::: * myContacts,* ,example@227,,,,923004104479,,,,,,,,,,,,,,,,,,,
106,,,,,,,,,,,,,,,,Imported on 7/2 ::: * myContacts,* ,example@228,,,,923004105137,,,,,,,,,,,,,,,,,,,
107,,,,,,,,,,,,,,,,Imported on 7/2 ::: * myContacts,* ,example@229,,,,923004113478,,,,,,,,,,,,,,,,,,,
108,,,,,,,,,,,,,,,,Imported on 7/2 ::: * myContacts,* ,example@230,,,,923004126368,,,,,,,,,,,,,,,,,,,
109,,,,,,,,,,,,,,,,Imported on 7/2 ::: * myContacts,* ,example@231,,,,923004155894,,,,,,,,,,,,,,,,,,,
11,,,,,,,,,,,,,,,,Imported on 7/2 ::: * myContacts,* ,example@133,,,Mobile,+923000300598,,,,,,,,,,,,,,,,,,,
12,,,,,,,,,,,,,,,,Imported on 7/2 ::: * myContacts,* ,example@134,,,,923000416906,,,,,,,,,,,,,,,,,,,
13,,,,,,,,,,,,,,,,Imported on 7/2 ::: * myContacts,* ,example@135,,,,923000420392,,,,,,,,,,,,,,,,,,,
13 Wb Yaqoob For,Gutter,Safai,,,,,,,,,,,,,,* myContacts,,,,,Mobile,03037850876,,,,,,,,,,,,,,,,,,,
13 WB Younas Son Ilyas CSA,Academy,Safai,,,,,,,,,,,,,,* myContacts,,,,,Mobile,03042283526,,,,,,,,,,,,,,,,,,,
14,,,,,,,,,,,,,,,,Imported on 7/2 ::: * myContacts,* ,example@136,,,Mobile,+923000420612,,,,,,,,,,,,,,,,,,,
15,,,,,,,,,,,,,,,,Imported on 7/2 ::: * myContacts,* ,example@137,,,,923000421024,,,,,,,,,,,,,,,,,,,
16,,,,,,,,,,,,,,,,Imported on 7/2 ::: * myContacts,* ,example@138,,,,923000574547,,,,,,,,,,,,,,,,,,,
16 Wb Shahzad For,TikTok,Shop,,,,,,,,,,,,,,* myContacts,,,,,Mobile,03061235016,,,,,,,,,,,,,,,,,,,
17,,,,,,,,,,,,,,,,Imported on 7/2 ::: * myContacts,* ,example@139,,,,923000687750,,,,,,,,,,,,,,,,,,,
18,,,,,,,,,,,,,,,,Imported on 7/2 ::: * myContacts,* ,example@140,,,,923000747579,,,,,,,,,,,,,,,,,,,
19,,,,,,,,,,,,,,,,Imported on 7/2 ::: * myContacts,* ,example@141,,,,923000766743,,,,,,,,,,,,,,,,,,,
2,,,,,,,,,,,,,,,,Imported on 7/2 ::: * myContacts,* ,example@124,,,,923000024074,,,,,,,,,,,,,,,,,,,
20,,,,,,,,,,,,,,,,Imported on 7/2 ::: * myContacts,* ,example@142,,,,923000769671,,,,,,,,,,,,,,,,,,,
21,,,,,,,,,,,,,,,,Imported on 7/2 ::: * myContacts,* ,example@143,,,,923000781348,,,,,,,,,,,,,,,,,,,
22,,,,,,,,,,,,,,,,Imported on 7/2 ::: * myContacts,* ,example@144,,,,923000797577,,,,,,,,,,,,,,,,,,,
,,,,,,,,,,,,,,,,* myContacts,,,,,Mobile,222222222222222222,,,,,,,,,,,,,,,,,,,
23,,,,,,,,,,,,,,,,Imported on 7/2 ::: * myContacts,* ,example@145,,,,923000838378,,,,,,,,,,,,,,,,,,,
,,,,,,,,,,,,,,,,* myContacts,,,,,Mobile,2301,,,,,,,,,,,,,,,,,,,
24,,,,,,,,,,,,,,,,Imported on 7/2 ::: * myContacts,* ,example@146,,,,923000872027,,,,,,,,,,,,,,,,,,,
25,,,,,,,,,,,,,,,,Imported on 7/2 ::: * myContacts,* ,example@147,,,,923000880924,,,,,,,,,,,,,,,,,,,
26,,,,,,,,,,,,,,,,Imported on 7/2 ::: * myContacts,* ,example@148,,,,923000899393,,,,,,,,,,,,,,,,,,,
27,,,,,,,,,,,,,,,,Imported on 7/2 ::: * myContacts,* ,example@149,,,,923000934288,,,,,,,,,,,,,,,,,,,
28,,,,,,,,,,,,,,,,Imported on 7/2 ::: * myContacts,* ,example@150,,,,923000941282,,,,,,,,,,,,,,,,,,,
29,,,,,,,,,,,,,,,,Imported on 7/2 ::: * myContacts,* ,example@151,,,,923000967766,,,,,,,,,,,,,,,,,,,
3,,,,,,,,,,,,,,,,Imported on 7/2 ::: * myContacts,* ,example@125,,,Mobile,+923000031235,,,,,,,,,,,,,,,,,,,
30,,,,,,,,,,,,,,,,Imported on 7/2 ::: * myContacts,* ,example@152,,,,923001000837,,,,,,,,,,,,,,,,,,,
31,,,,,,,,,,,,,,,,Imported on 7/2 ::: * myContacts,* ,example@153,,,,923001115951,,,,,,,,,,,,,,,,,,,
32,,,,,,,,,,,,,,,,Imported on 7/2 ::: * myContacts,* ,example@154,,,,923001262610,,,,,,,,,,,,,,,,,,,
33,,,,,,,,,,,,,,,,Imported on 7/2 ::: * myContacts,* ,example@155,,,,923001295595,,,,,,,,,,,,,,,,,,,
34,,,,,,,,,,,,,,,,Imported on 7/2 ::: * myContacts,* ,example@156,,,,923001314000,,,,,,,,,,,,,,,,,,,
35,,,,,,,,,,,,,,,,Imported on 7/2 ::: * myContacts,* ,example@157,,,,923001363555,,,,,,,,,,,,,,,,,,,
36,,,,,,,,,,,,,,,,Imported on 7/2 ::: * myContacts,* ,example@158,,,,923001434840,,,,,,,,,,,,,,,,,,,
37,,,,,,,,,,,,,,,,Imported on 7/2 ::: * myContacts,* ,example@159,,,,923001515790,,,,,,,,,,,,,,,,,,,
38,,,,,,,,,,,,,,,,Imported on 7/2 ::: * myContacts,* ,example@160,,,,923001580207,,,,,,,,,,,,,,,,,,,
39,,,,,,,,,,,,,,,,Imported on 7/2 ::: * myContacts,* ,example@161,,,,923001718396,,,,,,,,,,,,,,,,,,,
4,,,,,,,,,,,,,,,,Imported on 7/2 ::: * myContacts,* ,example@126,,,Mobile,+923000042152,,,,,,,,,,,,,,,,,,,
40,,,,,,,,,,,,,,,,Imported on 7/2 ::: * myContacts,* ,example@162,,,,923001818261,,,,,,,,,,,,,,,,,,,
41,,,,,,,,,,,,,,,,Imported on 7/2 ::: * myContacts,* ,example@163,,,,923001818545,,,,,,,,,,,,,,,,,,,
42,,,,,,,,,,,,,,,,Imported on 7/2 ::: * myContacts,* ,example@164,,,,923001924242,,,,,,,,,,,,,,,,,,,
43,,,,,,,,,,,,,,,,Imported on 7/2 ::: * myContacts,* ,example@165,,,,923001939940,,,,,,,,,,,,,,,,,,,
44,,,,,,,,,,,,,,,,Imported on 7/2 ::: * myContacts,* ,example@166,,,,923002015681,,,,,,,,,,,,,,,,,,,
45,,,,,,,,,,,,,,,,Imported on 7/2 ::: * myContacts,* ,example@167,,,,923002022660,,,,,,,,,,,,,,,,,,,
46,,,,,,,,,,,,,,,,Imported on 7/2 ::: * myContacts,* ,example@168,,,,923002062921,,,,,,,,,,,,,,,,,,,
47,,,,,,,,,,,,,,,,Imported on 7/2 ::: * myContacts,* ,example@169,,,,923002088887,,,,,,,,,,,,,,,,,,,
48,,,,,,,,,,,,,,,,Imported on 7/2 ::: * myContacts,* ,example@170,,,,923002126070,,,,,,,,,,,,,,,,,,,
49,,,,,,,,,,,,,,,,Imported on 7/2 ::: * myContacts,* ,example@171,,,,923002129334,,,,,,,,,,,,,,,,,,,
4bs,Cafee,Vehari,,,,,,,,Club Road,,,,,,All ::: * myContacts,,,,,Mobile,0300 0063456,,,,,,,,,,,,,,,,,,,
5,,,,,,,,,,,,,,,,Imported on 7/2 ::: * myContacts,* ,example@127,,,Mobile,+923000049151,,,,,,,,,,,,,,,,,,,
50,,,,,,,,,,,,,,,,Imported on 7/2 ::: * myContacts,* ,example@172,,,,923002175717,,,,,,,,,,,,,,,,,,,
51,,,,,,,,,,,,,,,,Imported on 7/2 ::: * myContacts,* ,example@173,,,,923002186105,,,,,,,,,,,,,,,,,,,
52,,,,,,,,,,,,,,,,Imported on 7/2 ::: * myContacts,* ,example@174,,,,923002212372,,,,,,,,,,,,,,,,,,,
53,,,,,,,,,,,,,,,,Imported on 7/2 ::: * myContacts,* ,example@175,,,,923002222657,,,,,,,,,,,,,,,,,,,
54,,,,,,,,,,,,,,,,Imported on 7/2 ::: * myContacts,* ,example@176,,,,923002232067,,,,,,,,,,,,,,,,,,,
55,,,,,,,,,,,,,,,,Imported on 7/2 ::: * myContacts,* ,example@177,,,,923002277039,,,,,,,,,,,,,,,,,,,
56,,,,,,,,,,,,,,,,Imported on 7/2 ::: * myContacts,* ,example@178,,,,923002302529,,,,,,,,,,,,,,,,,,,
57,,,,,,,,,,,,,,,,Imported on 7/2 ::: * myContacts,* ,example@179,,,,923002466157,,,,,,,,,,,,,,,,,,,
58,,,,,,,,,,,,,,,,Imported on 7/2 ::: * myContacts,* ,example@180,,,,923002533905,,,,,,,,,,,,,,,,,,,
59,,,,,,,,,,,,,,,,Imported on 7/2 ::: * myContacts,* ,example@181,,,,923002558565,,,,,,,,,,,,,,,,,,,
6,,,,,,,,,,,,,,,,Imported on 7/2 ::: * myContacts,* ,example@128,,,,923000060237,,,,,,,,,,,,,,,,,,,
60,,,,,,,,,,,,,,,,Imported on 7/2 ::: * myContacts,* ,example@182,,,,923002636569,,,,,,,,,,,,,,,,,,,
61,,,,,,,,,,,,,,,,Imported on 7/2 ::: * myContacts,* ,example@183,,,,923002674926,,,,,,,,,,,,,,,,,,,
62,,,,,,,,,,,,,,,,Imported on 7/2 ::: * myContacts,* ,example@184,,,,923002703434,,,,,,,,,,,,,,,,,,,
63,,,,,,,,,,,,,,,,Imported on 7/2 ::: * myContacts,* ,example@185,,,,923002711222,,,,,,,,,,,,,,,,,,,
64,,,,,,,,,,,,,,,,Imported on 7/2 ::: * myContacts,* ,example@186,,,,923002742293,,,,,,,,,,,,,,,,,,,
65,,,,,,,,,,,,,,,,Imported on 7/2 ::: * myContacts,* ,example@187,,,,923002790050,,,,,,,,,,,,,,,,,,,
66,,,,,,,,,,,,,,,,Imported on 7/2 ::: * myContacts,* ,example@188,,,,923002791872,,,,,,,,,,,,,,,,,,,
67,,,,,,,,,,,,,,,,Imported on 7/2 ::: * myContacts,* ,example@189,,,,923002830116,,,,,,,,,,,,,,,,,,,
68,,,,,,,,,,,,,,,,Imported on 7/2 ::: * myContacts,* ,example@190,,,,923002844888,,,,,,,,,,,,,,,,,,,
69,,,,,,,,,,,,,,,,Imported on 7/2 ::: * myContacts,* ,example@191,,,,923002868764,,,,,,,,,,,,,,,,,,,
70,,,,,,,,,,,,,,,,Imported on 7/2 ::: * myContacts,* ,example@192,,,,923002970480,,,,,,,,,,,,,,,,,,,
71,,,,,,,,,,,,,,,,Imported on 7/2 ::: * myContacts,* ,example@193,,,,923002976314,,,,,,,,,,,,,,,,,,,
72,,,,,,,,,,,,,,,,Imported on 7/2 ::: * myContacts,* ,example@194,,,,923003003515,,,,,,,,,,,,,,,,,,,
73,,,,,,,,,,,,,,,,Imported on 7/2 ::: * myContacts,* ,example@195,,,,923003125003,,,,,,,,,,,,,,,,,,,
74,,,,,,,,,,,,,,,,Imported on 7/2 ::: * myContacts,* ,example@196,,,,923003300344,,,,,,,,,,,,,,,,,,,
75,,,,,,,,,,,,,,,,Imported on 7/2 ::: * myContacts,* ,example@197,,,,923003332547,,,,,,,,,,,,,,,,,,,
76,,,,,,,,,,,,,,,,Imported on 7/2 ::: * myContacts,* ,example@198,,,,923003355366,,,,,,,,,,,,,,,,,,,
77,,,,,,,,,,,,,,,,Imported on 7/2 ::: * myContacts,* ,example@199,,,,923003357884,,,,,,,,,,,,,,,,,,,
78,,,,,,,,,,,,,,,,Imported on 7/2 ::: * myContacts,* ,example@200,,,,923003360445,,,,,,,,,,,,,,,,,,,
79,,,,,,,,,,,,,,,,Imported on 7/2 ::: * myContacts,* ,example@201,,,,923003420377,,,,,,,,,,,,,,,,,,,
8,,,,,,,,,,,,,,,,Imported on 7/2 ::: * myContacts,* ,example@130,,,Mobile,+923000075047,,,,,,,,,,,,,,,,,,,
80,,,,,,,,,,,,,,,,Imported on 7/2 ::: * myContacts,* ,example@202,,,,923003535453,,,,,,,,,,,,,,,,,,,
81,,,,,,,,,,,,,,,,Imported on 7/2 ::: * myContacts,* ,example@203,,,,923003536537,,,,,,,,,,,,,,,,,,,
82,,,,,,,,,,,,,,,,Imported on 7/2 ::: * myContacts,* ,example@204,,,,923003554369,,,,,,,,,,,,,,,,,,,
83,,,,,,,,,,,,,,,,Imported on 7/2 ::: * myContacts,* ,example@205,,,,923003563215,,,,,,,,,,,,,,,,,,,
84,,,,,,,,,,,,,,,,Imported on 7/2 ::: * myContacts,* ,example@206,,,,923003624690,,,,,,,,,,,,,,,,,,,
85,,,,,,,,,,,,,,,,Imported on 7/2 ::: * myContacts,* ,example@207,,,,923003660561,,,,,,,,,,,,,,,,,,,
86,,,,,,,,,,,,,,,,Imported on 7/2 ::: * myContacts,* ,example@208,,,,923003679945,,,,,,,,,,,,,,,,,,,
87,,,,,,,,,,,,,,,,Imported on 7/2 ::: * myContacts,* ,example@209,,,,923003737600,,,,,,,,,,,,,,,,,,,
88,,,,,,,,,,,,,,,,Imported on 7/2 ::: * myContacts,* ,example@210,,,,923003737804,,,,,,,,,,,,,,,,,,,
89,,,,,,,,,,,,,,,,Imported on 7/2 ::: * myContacts,* ,example@211,,,,923003771820,,,,,,,,,,,,,,,,,,,
9,,,,,,,,,,,,,,,,Imported on 7/2 ::: * myContacts,* ,example@131,,,Mobile,+923000112868,,,,,,,,,,,,,,,,,,,
90,,,,,,,,,,,,,,,,Imported on 7/2 ::: * myContacts,* ,example@212,,,,923003780083,,,,,,,,,,,,,,,,,,,
91,,,,,,,,,,,,,,,,Imported on 7/2 ::: * myContacts,* ,example@213,,,,923003792111,,,,,,,,,,,,,,,,,,,
92,,,,,,,,,,,,,,,,Imported on 7/2 ::: * myContacts,* ,example@214,,,,923003858178,,,,,,,,,,,,,,,,,,,
93,,,,,,,,,,,,,,,,Imported on 7/2 ::: * myContacts,* ,example@215,,,,923003877259,,,,,,,,,,,,,,,,,,,
94,,,,,,,,,,,,,,,,Imported on 7/2 ::: * myContacts,* ,example@216,,,,923003879161,,,,,,,,,,,,,,,,,,,
95,,,,,,,,,,,,,,,,Imported on 7/2 ::: * myContacts,* ,example@217,,,,923003890888,,,,,,,,,,,,,,,,,,,
96,,,,,,,,,,,,,,,,Imported on 7/2 ::: * myContacts,* ,example@218,,,,923003938067,,,,,,,,,,,,,,,,,,,
97,,,,,,,,,,,,,,,,Imported on 7/2 ::: * myContacts,* ,example@219,,,,923003971765,,,,,,,,,,,,,,,,,,,
98,,,,,,,,,,,,,,,,Imported on 7/2 ::: * myContacts,* ,example@220,,,,923004005790,,,,,,,,,,,,,,,,,,,
99,,,,,,,,,,,,,,,,Imported on 7/2 ::: * myContacts,* ,example@221,,,,923004029754,,,,,,,,,,,,,,,,,,,
